[
  {
    "studnr": 123,
    "naam": "Trekhaak",
    "voornaam": "Jaak",
    "goedBezig": false,
    "opleiding": {
      "naam": "IIW",
      "keuze": "Informatica"
    },
    "vakken": [
      "DAB",
      "SES",
      "FSWEB"
    ]
  },
  {
    "studnr": 456,
    "naam": "Peeters",
    "voornaam": "Jos",
    "goedBezig": false,
    "opleiding": {
      "naam": "IIW",
      "keuze": "EA-ICT"
    },
    "vakken": [
      "DAB",
      "SES"
    ]
  },
  {
    "studnr": 890,
    "naam": "Dongmans",
    "voornaam": "Ding",
    "goedBezig": true,
    "vakken": [
      "DAB"
    ]
  }
]